"Test Group","conversion_rate"
"A","3.92309904284599268800"
"B","4.63008130081300813000"